<Interlink id="classes_internal_19a6524bc48622d8" linkLimit="1000000" matchingExecutionTimeout="3600">
  <MetaData>
    <Label>JOB: link to local KG</Label>
    <Description xml:space="preserve"><![CDATA[Mapping các S là cùng 1 entity nhưng tên nhiều định dạng khác nhau]]></Description>
    <Modified>2025-09-24T04:40:36.030069Z</Modified>
    <Created>2025-09-23T19:33:18.454432Z</Created>
    <Tags>
      <Tag>urn:silkframework:tag:job</Tag>
    </Tags>
  </MetaData>
  <SourceDataset dataSource="sourceKG_e16cee401a2b6c4c" var="a" typeUri="">
    <RestrictTo xml:space="preserve">
          ?a a &lt;https://kg-football.vn/ontology#Player&gt; .
        </RestrictTo>
  </SourceDataset>
  <TargetDataset dataSource="sourceKG_e16cee401a2b6c4c" var="b" typeUri="">
    <RestrictTo xml:space="preserve">
          ?a a &lt;https://kg-football.vn/ontology#Player&gt; .
        </RestrictTo>
  </TargetDataset>
  <LinkageRule linkType="&lt;http://www.w3.org/2002/07/owl#sameAs&gt;">
    <Compare id="jaroWinkler" weight="1" metric="jaroWinkler" threshold="0.96" indexing="true">
      <TransformInput id="lowerCase" function="lowerCase">
        <Input id="sourcePathInput" path="&lt;http://www.w3.org/2000/01/rdf-schema#label&gt;"/>
      </TransformInput>
      <TransformInput id="lowerCase_2" function="lowerCase">
        <Input id="targetPathInput" path="&lt;http://www.w3.org/2000/01/rdf-schema#label&gt;"/>
      </TransformInput>
    </Compare>
    <Filter/>
    <RuleLayout>
      <NodePositions>
        <NodePos id="targetPathInput" x="-225" y="510"/>
        <NodePos id="sourcePathInput" x="-225" y="360"/>
        <NodePos id="lowerCase_2" x="160" y="550"/>
        <NodePos id="lowerCase" x="165" y="360"/>
        <NodePos id="jaroWinkler" x="540" y="420"/>
      </NodePositions>
    </RuleLayout>
    <UiAnnotations>
      <StickyNotes> </StickyNotes>
    </UiAnnotations>
  </LinkageRule>
  <Outputs>
    <Output id="Internallinkoutput_85c41d4c62861d27"></Output>
  </Outputs>
</Interlink>
