<Dataset id="alignment_players_3e5d6240cb3060e0" type="alignment" uriProperty="">
  <MetaData>
    <Label>Output: Online Linking</Label>
    <Description xml:space="preserve"><![CDATA[file ttl chứa output của job link tới Dbpedia]]></Description>
    <Modified>2025-09-24T04:23:02.848959Z</Modified>
    <Created>2025-09-24T00:55:33.112946Z</Created>
    <Tags>
      <Tag>urn:silkframework:tag:output</Tag>
    </Tags>
  </MetaData>
  <Param name="file" xml:space="preserve"><![CDATA[alignment_players.ttl]]></Param>
</Dataset>
