<Interlink id="LinkToDBpedia_a35541485c9ba4df" linkLimit="10000000" matchingExecutionTimeout="3600">
  <MetaData>
    <Label>JOB: Link To DBpedia</Label>
    <Description xml:space="preserve"><![CDATA[Link Tên cầu thủ trên local KG tới Dbpedia]]></Description>
    <Modified>2025-09-24T04:44:24.181633Z</Modified>
    <Created>2025-09-24T00:15:25.456965Z</Created>
    <Tags>
      <Tag>urn:silkframework:tag:job</Tag>
    </Tags>
  </MetaData>
  <SourceDataset dataSource="sourceKG_e16cee401a2b6c4c" var="a" typeUri="">
    <RestrictTo xml:space="preserve">
          ?a a &lt;https://kg-football.vn/ontology#Player&gt; .
        </RestrictTo>
  </SourceDataset>
  <TargetDataset dataSource="dbpedia_0c242a472aefc823" var="b" typeUri="">
    <RestrictTo xml:space="preserve">
          ?a a &lt;http://dbpedia.org/ontology/SoccerPlayer&gt; .
?a &lt;http://xmlns.com/foaf/0.1/name&gt; ?name .
FILTER(LANG(?name) = 'vi' || LANG(?name) = 'en') .
        </RestrictTo>
  </TargetDataset>
  <LinkageRule linkType="&lt;http://www.w3.org/2002/07/owl#sameAs&gt;">
    <Compare id="jaroWinkler" weight="1" metric="jaroWinkler" threshold="0.96" indexing="true">
      <TransformInput id="lowerCase" function="lowerCase">
        <Input id="sourcePathInput" path="&lt;http://www.w3.org/2000/01/rdf-schema#label&gt;"/>
      </TransformInput>
      <TransformInput id="lowerCase_2" function="lowerCase">
        <Input id="targetPathInput" path="&lt;http://xmlns.com/foaf/0.1/name&gt;"/>
      </TransformInput>
    </Compare>
    <Filter/>
    <RuleLayout>
      <NodePositions>
        <NodePos id="targetPathInput" x="-255" y="225"/>
        <NodePos id="sourcePathInput" x="-255" y="15"/>
        <NodePos id="lowerCase_2" x="85" y="235"/>
        <NodePos id="lowerCase" x="75" y="30"/>
        <NodePos id="jaroWinkler" x="465" y="105"/>
      </NodePositions>
    </RuleLayout>
    <UiAnnotations>
      <StickyNotes> </StickyNotes>
    </UiAnnotations>
  </LinkageRule>
  <Outputs>
    <Output id="alignment_players_3e5d6240cb3060e0"></Output>
  </Outputs>
</Interlink>
