<Interlink id="LinkToDBpedia_a35541485c9ba4df" linkLimit="10000000" matchingExecutionTimeout="3600">
  <MetaData>
    <Label>JOB: link cầu thủ tới DBpedia</Label>
    <Description xml:space="preserve"><![CDATA[]]></Description>
    <Modified>2025-09-24T10:55:02.157493Z</Modified>
    <Created>2025-09-24T00:15:25.456965Z</Created>
    <Tags>
      <Tag>urn:silkframework:tag:job</Tag>
    </Tags>
  </MetaData>
  <SourceDataset dataSource="sourceKG_e16cee401a2b6c4c" var="a" typeUri="">
    <RestrictTo xml:space="preserve">
          ?a a &lt;https://kg-football.vn/ontology#Player&gt; .
        </RestrictTo>
  </SourceDataset>
  <TargetDataset dataSource="dbpedia_0c242a472aefc823" var="b" typeUri="">
    <RestrictTo xml:space="preserve">
          ?a a &lt;http://dbpedia.org/ontology/SoccerPlayer&gt; .
?a &lt;http://xmlns.com/foaf/0.1/name&gt; ?name .
FILTER(LANG(?name) = 'vi' || LANG(?name) = 'en') .
        </RestrictTo>
  </TargetDataset>
  <LinkageRule linkType="&lt;http://www.w3.org/2002/07/owl#sameAs&gt;">
    <Compare id="jaroWinkler" weight="1" metric="jaroWinkler" threshold="0.1" indexing="true">
      <TransformInput id="lowerCase_3" function="lowerCase">
        <TransformInput id="regexReplace" function="regexReplace">
          <Input id="sourcePathInput" path=""/>
          <Param name="regex" xml:space="preserve"><![CDATA[^.*\/player\/]]></Param>
          <Param name="replace" xml:space="preserve"><![CDATA[]]></Param>
        </TransformInput>
      </TransformInput>
      <TransformInput id="lowerCase_2" function="lowerCase">
        <Input id="targetPathInput" path="&lt;http://xmlns.com/foaf/0.1/name&gt;"/>
      </TransformInput>
    </Compare>
    <Filter/>
    <RuleLayout>
      <NodePositions>
        <NodePos id="targetPathInput" x="-240" y="210"/>
        <NodePos id="sourcePathInput" x="-240" y="0"/>
        <NodePos id="lowerCase_2" x="115" y="235"/>
        <NodePos id="jaroWinkler" x="465" y="105"/>
        <NodePos id="lowerCase_3" x="125" y="65"/>
        <NodePos id="regexReplace" x="15" y="-225"/>
      </NodePositions>
    </RuleLayout>
    <UiAnnotations>
      <StickyNotes> </StickyNotes>
    </UiAnnotations>
  </LinkageRule>
  <Outputs>
    <Output id="alignment_players_3e5d6240cb3060e0"></Output>
  </Outputs>
</Interlink>
