<Dataset id="dbpedia_0c242a472aefc823" type="sparqlEndpoint" uriProperty="">
  <MetaData>
    <Label>dbpedia</Label>
    <Description xml:space="preserve"><![CDATA[]]></Description>
    <Modified>2025-09-24T01:04:46.222248Z</Modified>
    <Created>2025-09-23T16:23:15.748252Z</Created>
    <Tags> </Tags>
  </MetaData>
  <Param name="pageSize" xml:space="preserve"><![CDATA[1000]]></Param>
  <Param name="clearGraphBeforeExecution" xml:space="preserve"><![CDATA[false]]></Param>
  <Param name="pauseTime" xml:space="preserve"><![CDATA[200]]></Param>
  <Param name="retryCount" xml:space="preserve"><![CDATA[2]]></Param>
  <Param name="endpointURI" xml:space="preserve"><![CDATA[https://dbpedia.org/sparql]]></Param>
  <Param name="strategy" xml:space="preserve"><![CDATA[parallel]]></Param>
  <Param name="retryPause" xml:space="preserve"><![CDATA[3000]]></Param>
  <Param name="graph" xml:space="preserve"><![CDATA[]]></Param>
  <Param name="queryParameters" xml:space="preserve"><![CDATA[]]></Param>
  <Param name="login" xml:space="preserve"><![CDATA[]]></Param>
  <Param name="useOrderBy" xml:space="preserve"><![CDATA[false]]></Param>
  <Param name="entityList" xml:space="preserve"><![CDATA[]]></Param>
  <Param name="sparqlTimeout" xml:space="preserve"><![CDATA[0]]></Param>
  <Param name="password" xml:space="preserve"><![CDATA[]]></Param>
</Dataset>
