<Interlink id="JOBlinkStadiumtiDBpedia_499c534871071b7f" linkLimit="1000000" matchingExecutionTimeout="3600">
  <MetaData>
    <Label>JOB: link Stadium tới DBpedia</Label>
    <Description xml:space="preserve"><![CDATA[]]></Description>
    <Modified>2025-09-24T10:44:36.895063Z</Modified>
    <Created>2025-09-24T10:09:15.656876Z</Created>
    <Tags> </Tags>
  </MetaData>
  <SourceDataset dataSource="sourceKG_e16cee401a2b6c4c" var="a" typeUri="">
    <RestrictTo xml:space="preserve">
          ?a a &lt;https://kg-football.vn/ontology#Stadium&gt; .
        </RestrictTo>
  </SourceDataset>
  <TargetDataset dataSource="dbpedia_0c242a472aefc823" var="b" typeUri="">
    <RestrictTo xml:space="preserve">
          ?a a &lt;http://dbpedia.org/ontology/Stadium&gt; .
?a &lt;http://xmlns.com/foaf/0.1/name&gt; ?name .
FILTER (LANG(?name) = 'vi' || LANG(?name) = 'en') .
        </RestrictTo>
  </TargetDataset>
  <LinkageRule linkType="&lt;http://www.w3.org/2002/07/owl#sameAs&gt;">
    <Compare id="jaroWinkler" weight="1" metric="jaroWinkler" threshold="0.1" indexing="true">
      <TransformInput id="lowerCase" function="lowerCase">
        <TransformInput id="regexReplace" function="regexReplace">
          <Input id="sourcePathInput" path=""/>
          <Param name="regex" xml:space="preserve"><![CDATA[^.*\/stadium\/]]></Param>
          <Param name="replace" xml:space="preserve"><![CDATA[]]></Param>
        </TransformInput>
      </TransformInput>
      <TransformInput id="lowerCase_2" function="lowerCase">
        <Input id="targetPathInput" path="&lt;http://xmlns.com/foaf/0.1/name&gt;"/>
      </TransformInput>
    </Compare>
    <Filter/>
    <RuleLayout>
      <NodePositions>
        <NodePos id="targetPathInput" x="-30" y="315"/>
        <NodePos id="sourcePathInput" x="-30" y="45"/>
        <NodePos id="lowerCase_2" x="265" y="340"/>
        <NodePos id="lowerCase" x="555" y="60"/>
        <NodePos id="jaroWinkler" x="840" y="180"/>
        <NodePos id="regexReplace" x="270" y="30"/>
      </NodePositions>
    </RuleLayout>
    <UiAnnotations>
      <StickyNotes> </StickyNotes>
    </UiAnnotations>
  </LinkageRule>
  <Outputs>
    <Output id="Outputstadium_linkingttl_2f51d54abf912cc9"></Output>
  </Outputs>
</Interlink>
